{
  "force": {
    "rmse_mean": 5354.650369335054,
    "rmse_std": 1741.3331176154827,
    "rmse_max": 9615.735956186696,
    "r2_mean": 0.5871257077909917,
    "r2_min": -0.15813244209134147
  },
  "damage": {
    "rmse_mean": 0.05602360694865528,
    "rmse_std": 0.028951086350200102,
    "rmse_max": 0.15791390500657682,
    "r2_mean": 0.9773893232922205,
    "r2_min": 0.8599596773072289
  }
}